trial_number,timestamp,objective_value,epochs,prop_epochs,lr,prop_lr,batch_size,embedding_k,gamma,G,verbose,test_ratio,unbiased_test_ratio,seed,save_results,beta,bmse_weight,ece_weight,n_bins,ECE,BMSE,DR_Bias,DR_Variance,MSE,MAE
0,2025-07-28 18:11:47,,150,100,0.005,0.005,128,4,0.1,2,False,0.2,0.2,2024,,10,1.0,10.0,10,0.19967618584632874,1.166347861289978,0.0007346054771915078,1.0997532626788598e-05,0.03121645376086235,0.1295262724161148
1,2025-07-28 18:13:19,,150,100,0.01,0.001,256,16,0.01,1,False,0.2,0.2,2024,,0.1,1.0,10.0,10,0.1961115300655365,1.1483126878738403,0.0025200480595231056,4.6923472837079316e-05,0.15127553045749664,0.29593291878700256
2,2025-07-28 18:14:38,,150,100,0.1,0.01,128,8,0.05,6,False,0.2,0.2,2024,,0.5,1.0,10.0,10,0.17878209054470062,0.6824408173561096,0.017877858132123947,1.461614101572195e-05,0.08234672993421555,0.21111728250980377
3,2025-07-28 18:19:56,,150,100,0.001,0.01,256,32,0.05,6,False,0.2,0.2,2024,,10,1.0,10.0,10,0.19160084426403046,1.2487808465957642,0.005512899253517389,4.956126940669492e-05,0.1724388748407364,0.31871718168258667
4,2025-07-28 18:20:53,,150,100,0.05,0.01,256,8,0.01,4,False,0.2,0.2,2024,,5,1.0,10.0,10,0.19668227434158325,1.0673737525939941,0.0014248003717511892,1.644575058890041e-05,0.04990018904209137,0.162507101893425
5,2025-07-28 18:22:17,,150,100,0.005,0.01,256,16,0.2,6,False,0.2,0.2,2024,,1,1.0,10.0,10,0.20214317739009857,2.0674080848693848,0.06914623826742172,7.568043656647205e-05,0.1389893889427185,0.2812808156013489
6,2025-07-28 18:23:39,,150,100,0.01,0.01,256,4,0.2,4,False,0.2,0.2,2024,,5,1.0,10.0,10,0.19863630831241608,1.19082772731781,0.006492967717349529,1.2627644537133165e-05,0.03235480934381485,0.13052645325660706
7,2025-07-28 18:30:28,,150,100,0.005,0.01,64,16,0.2,2,False,0.2,0.2,2024,,0.5,1.0,10.0,10,0.17303508520126343,0.6631441712379456,0.009611265733838081,2.35332172451308e-05,0.13652725517749786,0.27935540676116943
8,2025-07-28 18:33:22,,150,100,0.005,0.001,256,32,0.1,4,False,0.2,0.2,2024,,5,1.0,10.0,10,0.19616523385047913,1.3001461029052734,0.01578351855278015,5.5722888646414503e-05,0.1730075180530548,0.32104262709617615
9,2025-07-28 18:41:53,,150,100,0.005,0.01,64,32,0.1,2,False,0.2,0.2,2024,,1,1.0,10.0,10,0.1944718211889267,1.3811297416687012,0.010996611788868904,6.345572910504416e-05,0.17978252470493317,0.329618364572525
10,2025-07-28 18:46:59,,150,100,0.001,0.005,128,4,0.1,10,False,0.2,0.2,2024,,10,1.0,10.0,10,0.19879263639450073,1.2598177194595337,0.01783742755651474,2.822602073138114e-05,0.06850622594356537,0.18814875185489655
11,2025-07-28 18:49:05,,150,100,0.01,0.005,128,4,0.2,8,False,0.2,0.2,2024,,5,1.0,10.0,10,0.2032659649848938,1.5495378971099854,0.042505983263254166,5.091663479106501e-05,0.09207047522068024,0.21774214506149292
12,2025-07-28 18:51:08,,150,100,0.01,0.1,128,4,0.2,4,False,0.2,0.2,2024,,10,1.0,10.0,10,0.19644589722156525,1.3692706823349,0.00017062315600924194,1.0976425983244553e-05,0.0325029231607914,0.1311541497707367
13,2025-07-28 18:52:32,,150,100,0.1,0.05,128,4,0.1,2,False,0.2,0.2,2024,,0.1,1.0,10.0,10,0.17512938380241394,0.7281814813613892,0.020504718646407127,1.1089819963672198e-05,0.0659109503030777,0.18911051750183105
14,2025-07-28 18:54:51,,150,100,0.05,0.005,64,4,0.2,1,False,0.2,0.2,2024,,5,1.0,10.0,10,0.19505979120731354,1.07404363155365,0.0005218790611252189,1.2505169252108317e-05,0.04363301768898964,0.15428437292575836
15,2025-07-28 18:55:52,,150,100,0.01,0.1,256,4,0.1,8,False,0.2,0.2,2024,,10,1.0,10.0,10,0.19323165714740753,1.0415369272232056,0.008027246221899986,1.0921912689809687e-05,0.03891056776046753,0.14305289089679718
16,2025-07-28 18:57:31,,150,100,0.01,0.05,128,4,0.01,10,False,0.2,0.2,2024,,10,1.0,10.0,10,0.2059779167175293,1.34452486038208,0.0010636483784765005,1.9092141883447766e-05,0.03385596349835396,0.13391131162643433
17,2025-07-28 18:59:34,,150,100,0.005,0.005,128,4,0.05,4,False,0.2,0.2,2024,,5,1.0,10.0,10,0.20183192193508148,1.1402491331100464,0.0036650458350777626,1.4773193470318802e-05,0.03509892150759697,0.13689203560352325
18,2025-07-28 19:00:36,,150,100,0.05,0.005,256,8,0.2,2,False,0.2,0.2,2024,,0.1,1.0,10.0,10,0.19594720005989075,1.1072993278503418,0.002631484530866146,1.2848538972320966e-05,0.04317618906497955,0.15275289118289948
19,2025-07-28 19:05:48,,150,100,0.001,0.001,64,4,0.1,4,False,0.2,0.2,2024,,1,1.0,10.0,10,0.1973099708557129,0.9636839628219604,0.007043135818094015,9.625064194551669e-06,0.032439086586236954,0.13126283884048462
20,2025-07-28 19:06:28,,150,100,0.1,0.05,256,4,0.1,2,False,0.2,0.2,2024,,0.5,1.0,10.0,10,0.19814780354499817,1.516561508178711,0.003773521399125457,1.864500154624693e-05,0.045909736305475235,0.15802840888500214
21,2025-07-28 19:11:49,,150,100,0.001,0.001,64,4,0.1,4,False,0.2,0.2,2024,,1,1.0,10.0,10,0.19838020205497742,1.0108481645584106,0.006753182504326105,9.532390322419815e-06,0.031193021684885025,0.1293295919895172
22,2025-07-28 19:17:05,,150,100,0.001,0.001,64,4,0.1,4,False,0.2,0.2,2024,,1,1.0,10.0,10,0.19029852747917175,0.7800459861755371,0.007002626545727253,7.053731678752229e-06,0.03043639287352562,0.12768109142780304
23,2025-07-28 19:22:35,,150,100,0.001,0.001,64,4,0.1,4,False,0.2,0.2,2024,,1,1.0,10.0,10,0.19900617003440857,1.0395969152450562,0.006229068618267775,1.0175495845032856e-05,0.03216969221830368,0.1305757313966751
24,2025-07-28 19:28:18,,150,100,0.001,0.001,64,4,0.1,4,False,0.2,0.2,2024,,1,1.0,10.0,10,0.19361154735088348,0.865737795829773,0.006697099190205336,8.57973918755306e-06,0.032590772956609726,0.13159535825252533
25,2025-07-28 19:35:16,,150,100,0.001,0.001,64,4,0.1,8,False,0.2,0.2,2024,,1,1.0,10.0,10,0.19533848762512207,0.9601969122886658,0.00022766889014746994,1.525125298940111e-05,0.04617306590080261,0.15410396456718445
26,2025-07-28 19:56:16,,150,100,0.001,0.001,64,32,0.1,1,False,0.2,0.2,2024,,1,1.0,10.0,10,0.19852349162101746,1.4241660833358765,0.017866576090455055,6.385386222973466e-05,0.18560750782489777,0.33533531427383423
27,2025-07-28 20:04:07,,150,100,0.001,0.001,64,8,0.1,10,False,0.2,0.2,2024,,1,1.0,10.0,10,0.1976747214794159,1.3517245054244995,0.026249252259731293,4.026142414659262e-05,0.1025758758187294,0.23520615696907043
28,2025-07-28 20:12:18,,150,100,0.005,0.1,64,16,0.1,2,False,0.2,0.2,2024,,10,1.0,10.0,10,0.26364463567733765,12609354752.0,1651.7164306640625,189642.71875,0.15532425045967102,0.3010980486869812
29,2025-07-28 20:18:53,,150,100,0.001,0.001,64,16,0.01,1,False,0.2,0.2,2024,,0.1,1.0,10.0,10,0.19591517746448517,1.1121047735214233,0.003247802145779133,3.934168125852011e-05,0.12213597446680069,0.2613133490085602
30,2025-07-28 20:22:23,,150,100,0.001,0.005,128,4,0.1,4,False,0.2,0.2,2024,,1,1.0,10.0,10,0.19410096108913422,0.9082114100456238,0.006481796968728304,7.862140591896605e-06,0.030397597700357437,0.12663935124874115
31,2025-07-28 20:25:29,,150,100,0.001,0.005,128,4,0.1,4,False,0.2,0.2,2024,,1,1.0,10.0,10,0.2021763026714325,1.1742146015167236,0.003436669474467635,1.0648179340932984e-05,0.029738368466496468,0.1261734962463379
32,2025-07-28 20:29:00,,150,100,0.001,0.005,128,4,0.1,4,False,0.2,0.2,2024,,1,1.0,10.0,10,0.1933787316083908,0.8836761116981506,0.006740818731486797,8.185389560821932e-06,0.031126637011766434,0.1287858635187149
33,2025-07-28 20:32:28,,150,100,0.001,0.005,128,4,0.1,4,False,0.2,0.2,2024,,1,1.0,10.0,10,0.201471745967865,1.1724951267242432,0.0013828438241034746,1.1076310329372063e-05,0.030293740332126617,0.12678301334381104
34,2025-07-28 20:35:48,,150,100,0.001,0.005,128,4,0.1,4,False,0.2,0.2,2024,,1,1.0,10.0,10,0.19614888727664948,0.9676377177238464,0.004651677329093218,9.455230610910803e-06,0.031948018819093704,0.129957914352417
35,2025-07-28 20:39:08,,150,100,0.001,0.005,128,4,0.05,4,False,0.2,0.2,2024,,1,1.0,10.0,10,0.19594700634479523,0.917910099029541,0.0077880374155938625,8.886611794878263e-06,0.030197521671652794,0.1272740662097931
36,2025-07-28 20:43:18,,150,100,0.001,0.005,128,8,0.05,6,False,0.2,0.2,2024,,1,1.0,10.0,10,0.19621732831001282,0.9792977571487427,0.00480623496696353,1.761822022672277e-05,0.056692760437726974,0.17342887818813324
37,2025-07-28 20:46:41,,150,100,0.001,0.005,128,4,0.05,4,False,0.2,0.2,2024,,1,1.0,10.0,10,0.19950109720230103,1.0648831129074097,0.004291516728699207,1.0630751603457611e-05,0.030532291159033775,0.12689873576164246
38,2025-07-28 20:49:16,,150,100,0.1,0.005,128,32,0.05,4,False,0.2,0.2,2024,,0.5,1.0,10.0,10,0.1938171088695526,1.5706908702850342,0.02272568643093109,6.026247137924656e-05,0.20840522646903992,0.35806500911712646
39,2025-07-28 20:51:09,,150,100,0.05,0.005,128,16,0.05,4,False,0.2,0.2,2024,,1,1.0,10.0,10,0.19770310819149017,1.1516932249069214,0.002570799784734845,2.6207380869891495e-05,0.077511265873909,0.20608825981616974
40,2025-07-28 20:54:13,,150,100,0.001,0.005,128,4,0.01,6,False,0.2,0.2,2024,,1,1.0,10.0,10,0.1979539692401886,1.0194523334503174,0.0023325448855757713,9.473759746470023e-06,0.029668476432561874,0.12520648539066315
41,2025-07-28 20:57:59,,150,100,0.001,0.005,128,4,0.01,6,False,0.2,0.2,2024,,1,1.0,10.0,10,0.19803962111473083,0.9638446569442749,0.006596283987164497,1.0898130312853027e-05,0.032821036875247955,0.1315782219171524
42,2025-07-28 21:01:04,,150,100,0.001,0.005,128,4,0.01,6,False,0.2,0.2,2024,,1,1.0,10.0,10,0.19814756512641907,1.0309582948684692,0.004621816799044609,9.75218335952377e-06,0.03031468577682972,0.1261313557624817
43,2025-07-28 21:04:08,,150,100,0.001,0.005,128,4,0.01,6,False,0.2,0.2,2024,,1,1.0,10.0,10,0.18365685641765594,0.6441004276275635,0.01081843115389347,5.914274424867472e-06,0.03054908476769924,0.12704429030418396
44,2025-07-28 21:07:41,,150,100,0.001,0.005,128,4,0.01,6,False,0.2,0.2,2024,,1,1.0,10.0,10,0.2018091231584549,1.1413989067077637,0.003325201803818345,1.2747924301947933e-05,0.03250431269407272,0.13066649436950684
45,2025-07-28 21:16:29,,150,100,0.001,0.005,128,32,0.01,6,False,0.2,0.2,2024,,1,1.0,10.0,10,0.21547254920005798,3.193574905395508,0.11232242733240128,0.00016594183398410678,0.17230884730815887,0.3187256157398224
46,2025-07-28 21:20:04,,150,100,0.001,0.005,128,8,0.01,6,False,0.2,0.2,2024,,0.5,1.0,10.0,10,0.1963384449481964,0.993742048740387,0.002626043511554599,1.780376987881027e-05,0.05497381091117859,0.16977955400943756
47,2025-07-28 21:21:34,,150,100,0.1,0.005,128,4,0.01,6,False,0.2,0.2,2024,,1,1.0,10.0,10,0.1871691197156906,0.8299148082733154,0.009748591110110283,1.2289600817894097e-05,0.05610082671046257,0.17369444668293
48,2025-07-28 21:24:52,,150,100,0.001,0.01,128,4,0.05,6,False,0.2,0.2,2024,,0.1,1.0,10.0,10,0.20180872082710266,1.1513407230377197,0.004208658821880817,1.1747237294912338e-05,0.03149722144007683,0.12858273088932037
49,2025-07-28 21:26:26,,150,100,0.05,0.005,128,4,0.01,8,False,0.2,0.2,2024,,1,1.0,10.0,10,0.1955948770046234,0.9810697436332703,0.004021541681140661,7.833710697013885e-06,0.028427882120013237,0.12598061561584473
50,2025-07-28 21:27:58,,150,100,0.05,0.1,128,16,0.01,8,False,0.2,0.2,2024,,5,1.0,10.0,10,0.20562107861042023,3.728250503540039,0.022456100210547447,6.086818757466972e-05,0.07577046751976013,0.20277392864227295
51,2025-07-28 21:29:39,,150,100,0.05,0.005,128,4,0.01,8,False,0.2,0.2,2024,,1,1.0,10.0,10,0.19922570884227753,1.127841591835022,0.00021275013568811119,9.543250598653685e-06,0.029928943142294884,0.1291358768939972
52,2025-07-28 21:31:16,,150,100,0.05,0.005,128,4,0.01,8,False,0.2,0.2,2024,,1,1.0,10.0,10,0.19792616367340088,1.0695158243179321,0.0013907679822295904,8.466870895063039e-06,0.028327452018857002,0.12569046020507812
53,2025-07-28 21:33:06,,150,100,0.05,0.005,128,4,0.01,8,False,0.2,0.2,2024,,1,1.0,10.0,10,0.19953230023384094,1.1405011415481567,0.00015660100325476378,9.538485755911097e-06,0.02901185117661953,0.12683404982089996
54,2025-07-28 21:34:50,,150,100,0.05,0.05,128,4,0.01,8,False,0.2,0.2,2024,,1,1.0,10.0,10,0.19336551427841187,1.0957121849060059,0.005954724736511707,8.595776307629421e-06,0.028499741107225418,0.12540678679943085
55,2025-07-28 21:36:15,,150,100,0.05,0.05,128,4,0.01,8,False,0.2,0.2,2024,,1,1.0,10.0,10,0.19755275547504425,1.1363483667373657,0.0019625218119472265,8.833088941173628e-06,0.028836924582719803,0.12582993507385254
56,2025-07-28 21:37:57,,150,100,0.05,0.05,128,4,0.01,8,False,0.2,0.2,2024,,1,1.0,10.0,10,0.19568395614624023,1.0838756561279297,0.0008182411547750235,8.965454981080256e-06,0.02874417044222355,0.1261279284954071
57,2025-07-28 21:38:52,,150,100,0.05,0.05,256,4,0.01,8,False,0.2,0.2,2024,,0.5,1.0,10.0,10,0.1925610899925232,1.032198429107666,0.010141806676983833,6.239835784072056e-06,0.025673145428299904,0.11880713701248169
58,2025-07-28 21:39:42,,150,100,0.05,0.05,256,4,0.01,8,False,0.2,0.2,2024,,0.5,1.0,10.0,10,0.2010347545146942,1.3471640348434448,0.0019162100506946445,1.1090556654380634e-05,0.025465816259384155,0.1178564503788948
59,2025-07-28 21:40:34,,150,100,0.05,0.05,256,4,0.01,8,False,0.2,0.2,2024,,0.5,1.0,10.0,10,0.19456201791763306,1.0090749263763428,0.008079057559370995,6.620115527766757e-06,0.025988643988966942,0.11981149762868881
60,2025-07-28 21:42:02,,150,100,0.05,0.05,256,32,0.01,8,False,0.2,0.2,2024,,0.5,1.0,10.0,10,0.19900351762771606,1.9185456037521362,0.030855955556035042,8.42820736579597e-05,0.11167274415493011,0.2497832477092743
61,2025-07-28 21:43:04,,150,100,0.05,0.05,256,4,0.01,8,False,0.2,0.2,2024,,0.5,1.0,10.0,10,0.20063847303390503,1.2272400856018066,0.0014517816016450524,1.0707969522627536e-05,0.027381669729948044,0.12175644934177399
62,2025-07-28 21:43:59,,150,100,0.05,0.05,256,4,0.01,8,False,0.2,0.2,2024,,0.5,1.0,10.0,10,0.1972781866788864,1.228320598602295,0.0021690602879971266,1.0551806553849019e-05,0.028703926131129265,0.1252245157957077
63,2025-07-28 21:44:53,,150,100,0.05,0.05,256,4,0.01,8,False,0.2,0.2,2024,,0.5,1.0,10.0,10,0.19114810228347778,1.000641942024231,0.009822799824178219,6.3360193962580524e-06,0.026490451768040657,0.1198224127292633
64,2025-07-28 21:45:47,,150,100,0.05,0.05,256,4,0.01,8,False,0.2,0.2,2024,,0.5,1.0,10.0,10,0.2002962827682495,1.2121796607971191,0.0026699218433350325,1.001906184683321e-05,0.025646286085247993,0.11843717098236084
65,2025-07-28 21:46:46,,150,100,0.05,0.05,256,4,0.01,8,False,0.2,0.2,2024,,0.5,1.0,10.0,10,0.19432440400123596,1.0391957759857178,0.0059094675816595554,7.211478077806532e-06,0.027111349627375603,0.12154853343963623
66,2025-07-28 21:47:41,,150,100,0.05,0.05,256,8,0.01,8,False,0.2,0.2,2024,,0.5,1.0,10.0,10,0.19952571392059326,1.282625436782837,0.0023721426259726286,1.5880874343565665e-05,0.03727816790342331,0.14062035083770752
67,2025-07-28 21:48:32,,150,100,0.05,0.05,256,4,0.2,8,False,0.2,0.2,2024,,0.5,1.0,10.0,10,0.19833452999591827,1.2004668712615967,3.475561607046984e-05,7.4056792982446495e-06,0.023741140961647034,0.11697928607463837
68,2025-07-28 21:49:31,,150,100,0.05,0.05,256,4,0.2,8,False,0.2,0.2,2024,,0.5,1.0,10.0,10,0.20020562410354614,1.4497761726379395,0.0027952471282333136,7.778706276440062e-06,0.024275077506899834,0.11779598146677017
69,2025-07-28 21:50:31,,150,100,0.05,0.05,256,4,0.2,8,False,0.2,0.2,2024,,0.5,1.0,10.0,10,0.19648897647857666,1.1020666360855103,0.000690421205945313,6.94972368364688e-06,0.02264644391834736,0.11484687775373459
70,2025-07-28 21:51:30,,150,100,0.05,0.05,256,16,0.2,8,False,0.2,0.2,2024,,0.5,1.0,10.0,10,0.19240890443325043,1.2472269535064697,0.005348758306354284,1.2974246601515915e-05,0.04162875935435295,0.15111517906188965
71,2025-07-28 21:52:35,,150,100,0.05,0.05,256,4,0.2,8,False,0.2,0.2,2024,,0.5,1.0,10.0,10,0.19978070259094238,1.269774317741394,0.0041031441651284695,8.146899745042901e-06,0.024381572380661964,0.11819281429052353
72,2025-07-28 21:53:31,,150,100,0.05,0.05,256,4,0.2,8,False,0.2,0.2,2024,,0.5,1.0,10.0,10,0.20119771361351013,1.3822333812713623,0.013873213902115822,1.135386173700681e-05,0.022723747417330742,0.11446399986743927
73,2025-07-28 21:54:35,,150,100,0.05,0.05,256,4,0.2,10,False,0.2,0.2,2024,,0.5,1.0,10.0,10,0.19710387289524078,1.1265361309051514,0.0007742747548036277,8.442685611953493e-06,0.026565901935100555,0.12456346303224564
74,2025-07-28 21:56:09,,150,100,0.01,0.05,256,4,0.2,8,False,0.2,0.2,2024,,0.5,1.0,10.0,10,0.19524355232715607,1.227279782295227,0.03085736557841301,4.608798917615786e-05,0.09887463599443436,0.22620169818401337
75,2025-07-28 21:57:10,,150,100,0.05,0.05,256,4,0.2,8,False,0.2,0.2,2024,,0.5,1.0,10.0,10,0.1952032446861267,1.090776801109314,0.0017076375661417842,6.770114850951359e-06,0.023477455601096153,0.11662892252206802
76,2025-07-28 21:58:07,,150,100,0.05,0.05,256,4,0.2,8,False,0.2,0.2,2024,,0.5,1.0,10.0,10,0.2005133330821991,1.3606994152069092,0.003657444380223751,8.655673809698783e-06,0.023525290191173553,0.11709269881248474
77,2025-07-28 21:59:35,,150,100,0.005,0.05,256,4,0.2,1,False,0.2,0.2,2024,,0.5,1.0,10.0,10,0.2029096484184265,1.5851706266403198,0.001478007878176868,1.3259456864034291e-05,0.029013322666287422,0.12417106330394745
78,2025-07-28 22:00:51,,150,100,0.05,0.05,256,32,0.2,8,False,0.2,0.2,2024,,0.5,1.0,10.0,10,0.20090606808662415,2.0917654037475586,0.03424078971147537,6.385366577887908e-05,0.08426171541213989,0.21578148007392883
79,2025-07-28 22:01:52,,150,100,0.05,0.05,256,4,0.2,8,False,0.2,0.2,2024,,0.5,1.0,10.0,10,0.2035815566778183,1.4436367750167847,0.010826935060322285,1.0445364750921726e-05,0.022884758189320564,0.11516095697879791
80,2025-07-28 22:03:03,,150,100,0.05,0.05,256,8,0.2,8,False,0.2,0.2,2024,,0.5,1.0,10.0,10,0.1953715980052948,1.205913782119751,0.0009335672366432846,8.57985742186429e-06,0.025310812518000603,0.12003249675035477
81,2025-07-28 22:03:51,,150,100,0.05,0.05,256,8,0.2,8,False,0.2,0.2,2024,,0.5,1.0,10.0,10,0.2029208242893219,1.4411154985427856,0.002674509072676301,1.0278058653057087e-05,0.028036464005708694,0.1255062222480774
82,2025-07-28 22:04:44,,150,100,0.05,0.05,256,8,0.2,8,False,0.2,0.2,2024,,0.5,1.0,10.0,10,0.19950106739997864,1.3110121488571167,0.0013723528245463967,8.537983376299962e-06,0.026485323905944824,0.12218071520328522
83,2025-07-28 22:05:36,,150,100,0.05,0.05,256,4,0.2,8,False,0.2,0.2,2024,,0.5,1.0,10.0,10,0.19726479053497314,1.2012135982513428,0.0003731674805749208,7.636746886419132e-06,0.024977410212159157,0.1197599247097969
84,2025-07-28 22:06:32,,150,100,0.05,0.01,256,4,0.2,2,False,0.2,0.2,2024,,0.5,1.0,10.0,10,0.19577796757221222,1.1107145547866821,0.002212091814726591,7.934587301861029e-06,0.026403099298477173,0.1212647557258606
85,2025-07-28 22:08:39,,150,100,0.01,0.05,256,4,0.2,10,False,0.2,0.2,2024,,0.5,1.0,10.0,10,0.19856826961040497,1.5228556394577026,0.026531554758548737,5.0260565330972895e-05,0.12987565994262695,0.266355961561203
86,2025-07-28 22:09:33,,150,100,0.05,0.05,256,4,0.2,8,False,0.2,0.2,2024,,10,1.0,10.0,10,0.19523167610168457,1.0843125581741333,3.1717259844299406e-05,6.856669642729685e-06,0.022734612226486206,0.1152505949139595
87,2025-07-28 22:10:30,,150,100,0.05,0.05,256,4,0.2,8,False,0.2,0.2,2024,,10,1.0,10.0,10,0.19359883666038513,1.1532880067825317,0.0020339665934443474,7.0969335865811445e-06,0.023589352145791054,0.1163097396492958
88,2025-07-28 22:11:28,,150,100,0.1,0.1,256,4,0.2,8,False,0.2,0.2,2024,,10,1.0,10.0,10,0.19947409629821777,1.4551419019699097,0.0009006079053506255,1.2064192560501397e-05,0.03894253447651863,0.151083305478096
89,2025-07-28 22:13:28,,150,100,0.005,0.05,256,4,0.2,8,False,0.2,0.2,2024,,10,1.0,10.0,10,0.2007916420698166,1.5574942827224731,0.03164910525083542,4.8608424549456686e-05,0.11122125387191772,0.24393479526042938
90,2025-07-28 22:14:16,,150,100,0.05,0.05,256,4,0.2,1,False,0.2,0.2,2024,,10,1.0,10.0,10,0.1988898366689682,1.520530104637146,0.007770779076963663,1.4854727851343341e-05,0.028957532718777657,0.12558628618717194
91,2025-07-28 22:15:12,,150,100,0.05,0.05,256,4,0.2,8,False,0.2,0.2,2024,,10,1.0,10.0,10,0.19550199806690216,1.1045976877212524,0.008242007344961166,8.857803550199606e-06,0.023979369550943375,0.11678750067949295
92,2025-07-28 22:16:10,,150,100,0.05,0.05,256,4,0.2,8,False,0.2,0.2,2024,,10,1.0,10.0,10,0.1923287808895111,1.068160891532898,0.0065487646497786045,5.430343207990518e-06,0.023179640993475914,0.11582571268081665
93,2025-07-28 22:17:02,,150,100,0.05,0.05,256,4,0.2,8,False,0.2,0.2,2024,,10,1.0,10.0,10,0.19808882474899292,1.1579973697662354,0.008044288493692875,9.05461456568446e-06,0.023779872804880142,0.1163819283246994
94,2025-07-28 22:18:03,,150,100,0.05,0.05,256,4,0.2,8,False,0.2,0.2,2024,,10,1.0,10.0,10,0.19926804304122925,1.3255072832107544,0.008264432661235332,9.56085841608001e-06,0.02383193001151085,0.11726734787225723
95,2025-07-28 22:19:07,,150,100,0.05,0.05,256,16,0.2,8,False,0.2,0.2,2024,,10,1.0,10.0,10,0.19451338052749634,1.2188773155212402,0.008116204291582108,1.126009738072753e-05,0.03759460523724556,0.14385651051998138
96,2025-07-28 22:20:08,,150,100,0.05,0.01,256,4,0.2,8,False,0.2,0.2,2024,,10,1.0,10.0,10,0.1989743858575821,1.1743823289871216,0.004455920774489641,7.923585144453682e-06,0.023560285568237305,0.1163817048072815
97,2025-07-28 22:21:08,,150,100,0.05,0.01,256,4,0.2,2,False,0.2,0.2,2024,,10,1.0,10.0,10,0.17946094274520874,0.7709301710128784,0.010563578456640244,4.450456799531821e-06,0.02771124057471752,0.12371893227100372
98,2025-07-28 22:22:05,,150,100,0.05,0.01,256,4,0.2,8,False,0.2,0.2,2024,,10,1.0,10.0,10,0.1978650689125061,1.1515862941741943,0.0018801387632265687,6.879134616610827e-06,0.02251020446419716,0.11441610008478165
99,2025-07-28 22:22:53,,150,100,0.1,0.01,256,4,0.2,8,False,0.2,0.2,2024,,10,1.0,10.0,10,0.1956862360239029,1.1537322998046875,0.004419045988470316,1.136746141128242e-05,0.03901848569512367,0.15111711621284485
